{
  "variants": {
    "age=0": {
      "model": "sanixexpansions:block/diamond_crop_stage0"
    },
    "age=1": {
      "model": "sanixexpansions:block/diamond_crop_stage1"
    },
    "age=2": {
      "model": "sanixexpansions:block/diamond_crop_stage2"
    },
    "age=3": {
      "model": "sanixexpansions:block/diamond_crop_stage3"
    },
    "age=4": {
      "model": "sanixexpansions:block/diamond_crop_stage4"
    },
    "age=5": {
      "model": "sanixexpansions:block/diamond_crop_stage5"
    },
    "age=6": {
      "model": "sanixexpansions:block/diamond_crop_stage6"
    },
    "age=7": {
      "model": "sanixexpansions:block/crudemedium_crop_stage7"
    }
  }
}