{
    "parent": "item/handheld",
    "textures": {
        "layer0": "sanixexpansions:item/accidentium_sword"
    },

    "display": {
        "thirdperson_righthand": {
            "rotation": [ 45, 180, 0],
            "translation": [ -6, 3, 5]
        },
        "thirdperson_lefthand": {
            "rotation": [ 45, 135, 0 ],
            "translation": [ 13.51, -2, 5 ],
            "scale": [ 1, 1, 1 ]
        },
        "firstperson_righthand": {
            "rotation": [ 0, 180, -5 ],
            "translation": [ 0, -1, -11 ],
            "scale": [ 1.25, 1.25, 1.25 ]
        },
        "firstperson_lefthand": {
            "rotation": [ 0, 180, -5 ],
            "translation": [ 0, -1, -11],
            "scale": [ 1.25, 1.25, 1.25 ]
        }
        
    }
}