{
    "parent": "item/handheld",
    "textures": {
        "layer0": "sanixexpansions:item/empowered_soulius_sword"
    },

    "display": {
        "firstperson_righthand": {
            "rotation": [ -12, 165, -10 ],
            "translation": [ 0, -3, -11 ],
            "scale": [ 1.4, 1.4, 1.4 ]
        },
        "firstperson_lefthand": {
            "rotation": [ -12, 165, -100 ],
            "translation": [ 0, -3, -11],
            "scale": [ 1.4, 1.4, 1.4 ]
        },

        "thirdperson_righthand": {
            "rotation": [ 45, 180, 0],
            "translation": [ -6, 3, 5],
            "scale": [1, 1, 1]
        },
        "thirdperson_lefthand": {
            "rotation": [ 45, -180, -90 ],
            "translation": [ -6, 3, 5 ],
            "scale": [ 1, 1, 1 ]
        }
        
    }
}